cust_id1,first_name1,last_name1,zip,phone1,country,state,new_id3,new_zip
1001,James,Butt,70116,504-621-8927,Orleans,LA,1001,70116
1002,Josephine,Darakjy,48116,810-292-9388,Livingston,MI,1002,48116
1003,Art,Venere,8014,856-636-8749,Gloucester,NJ476,1003,8014
1004,Lenna,Paprocki,99501,907-385-4412,Anchorage,AK,1004,99501
1005,Donette,Foller,45011,513-570-1893,Butler,OH,1005,45011
1006,Simona,Morasca,44805,419-503-2484,Ashland,OH,1006,44805
1007,Mitsue,Tollner,60632,773-573-6914,Cook,IL,1007,60632
1008,Leota,Dilliard,95111,408-752-3500,Santa Clara,CA,1008,95111
1009,wake,up,57105,605-414-2147,Minnehaha,SD,1009,57105
1010,Kris,Marrier,21224,410-655-8723,Baltimore City,MD,1010,21224
1011,Minna,Amigon,19443,215-874-1229,Montgomery,PA,1011,19443
1012,Abel,Maclead,11953,631-335-3414,Suffolk,NY,1012,11953
1013,Kiley,Caldarera,90034,310-498-5651,Los Angeles,CA,1013,90034
1014,Graciela,Ruta,44023,440-780-84,Geauga,OH,1014,44023
1015,Cammy,Albares,78045,956-537-6195,Webb,TX,1015,78045
1016,Mattie,Poquette,85013,602-277-4385,Maricopa,AZ,1016,85013
1017,Meaghan,Garufi,37110,931-313-9635,Warren,TN,1017,37110
1018,Gladys,Rim,53207,414-661-9598,Milwaukee,WI,1018,53207
1019,Yu,wangee,48180,313-288-7937,Wayne,MI,1019,48180
1020,Fletcher,Flosi,61109,815-828-2147,Winnebago,IL,1020,61109
1021,Bette,Nicka,19014,610-545-3615,Delaware,PA,1021,19014
1022,Veronika,Inouye,95111,408-540-1785,Santa Clara,CA,1022,95111
1023,Willard,Kolmetz,75062,972-303-9197,Dallas,TX,1023,75062
1024,Maryann,Royster,12204,518-966-7987,Albany,NY,1024,12204
1025,Alisha,Slusarski,8846,732-658-3154,Middlesex,NJ,1025,8846
1026,Allene,Iturbide,54481,715-662-6764,Portage,WI,1026,54481
1027,Chanel,Caudy,66218,913-388-2079,Johnson,KS,1027,66218
1028,Ezekiel,Chui,21601,410-669-1642,Talbot,MD,1028,21601
1029,Willow,Kusko,12345,212-582-4976,New York,NY,1029,12345
1030,Bernardo,Figeroa,77301,936-336-3951,Montgomery,TX,1030,77301
1031,Ammie,Corrio,43215,614-801-9788,Franklin,OH,1031,43215
1032,Francine,Vocelka,88011,505-977-3911,Dona Ana,NM,1032,88011
1033,Ernie,Stenseth,7660,201-709-6245,Bergen,NJ,1033,7660
1034,Albina,Glick,8812,732-924-7882,Middlesex,NJ,1034,8812
1035,Alishia,Sergi,10025,212-860-1579,New York,NY,1035,10025
1036,Solange,Shinko,70002,504-979-9175,Jefferson,LA,1036,70002
1037,Jose,Stockham,10011,212-675-8570,New York,NY,1037,10011
1038,Rozella,Ostrosky,93012,805-832-63,Ventura,CA,1038,93012
1039,Valentine,day,78204,555-434-353,Bexar,TX,1039,78204
1040,Kati,Rulapaugh,67410,785-463-7829,Dickinson,KS,1040,67410
1041,Youlanda,Schemmer,97754,541-548-8197,Crook,OR,1041,97754
1042,Dyan,Oldroyd,66204,913-413-4604,Johnson,KS,1042,66204
1043,Roxane,Campain,99708,907-231-4722,Fairbanks North Star,AK,1043,99708
1044,Lavera,Perin,33196,305-606-7291,Miami-Dade,FL,1044,33196
1045,Erick,Ferencz,99712,907-741-1044,Fairbanks North Star,AK,1045,99712
1046,Fatima,Saylors,55343,952-768-2416,Hennepin,MN,1046,55343
1047,Jina,Briddick,2128,617-399-5124,Suffolk,MA,1047,2128
1048,Kanisha,Waycott,90006,323-453-2780,Los Angeles,CA,1048,90006
1049,Erick,hanshen,53711,608-336-7777,Dane,WI,1049,53711
1050,Blair,Malet,19132,215-907-9111,Philadelphia,PA,1050,19132
1051,Brock,Bolognia,10003,212-402-9216,New York,NY,1051,10003
1052,Lorrie,Nestle,37388,931-875-6644,Coffee,TN,1052,37388
1053,Sabra,Uyetake,29201,803-925-5213,Richland,SC,1053,29201
1054,Marjory,Mastella,19087,610-814-5533,Delaware,PA,1054,19087
1055,Karl,Klonowski,8822,908-877-6135,Hunterdon,NJ,1055,8822
1056,Tonette,Wenner,11590,516-968-6051,Nassau,NY,1056,11590
1057,Amber,Monarrez,19046,215-934-8655,Montgomery,PA,1057,19046
1058,Shenika,Seewald,91405,818-423-4007,Los Angeles,CA,1058,91405
1059,ashutosh,Ahle,2909,401-458-27,Providence,RI,1059,2909
1060,Deeanna,Juhas,19006,215-211-9589,Montgomery,PA,1060,19006
1061,Blondell,Pugh,2904,401-960-8259,Providence,RI,1061,2904
1062,Jamal,Vanausdal,8831,732-234-1546,Middlesex,NJ,1062,8831
1063,Cecily,Hollack,78731,512-486-3817,Travis,TX,1063,78731
1064,Carmelina,Lindall,80126,303-724-7371,Douglas,CO,1064,80126
1065,Maurine,Yglesias,53214,414-748-1374,Milwaukee,WI,1065,53214
1066,Tawna,Buvens,10009,212-674-9610,New York,NY,1066,10009
1067,Penney,Weight,99515,907-797-9628,Anchorage,AK,1067,99515
1068,Elly,Morocco,16502,814-393-5571,Erie,PA,1068,16502
1069,himanshu,mohanty,21061,410-914-9018,Anne Arundel,MD,1069,21061
1070,Vallie,Mondella,83707,208-862-5339,Ada,ID,1070,83707
1071,Kallie,Blackwood,94104,415-315-2761,San Francisco,CA,1071,94104
1072,Johnetta,Abdallah,27514,919-225-9345,Orange,NC,1072,27514
1073,Bobbye,Rhym,94070,650-528-5783,San Mateo,CA,1073,94070
1074,Micaela,Rhymes,94520,925-647-3298,Contra Costa,CA,1074,94520
1075,Tamar,Hoogland,43140,740-343-8575,Madison,OH,1075,43140
1076,Moon,Parlato,14895,585-866-8313,Allegany,NY,1076,14895
1077,Laurel,Reitler,21215,410-520-4832,Baltimore City,MD,1077,21215
1078,Delisa,Crupi,7105,973-354-2040,Essex,NJ,1078,7105
1079,V,T,60647,773-446-5569,Cook,IL,1079,60647
1080,Elza,Lipke,7104,973-927-3447,Essex,NJ,1080,7104
1081,Devorah,Chickering,88101,505-975-8559,Curry,NM,1081,88101
1082,Timothy,Mulqueen,10309,718-332-6527,Richmond,NY,1082,10309
1083,Arlette,Honeywell,32254,904-775-4480,Duval,FL,1083,32254
1084,Dominque,Dickerson,94545,510-993-3758,Alameda,CA,1084,94545
1085,Lettie,Isenhower,44122,216-657-7668,Cuyahoga,OH,1085,44122
1086,Myra,Munns,76040,817-914-7518,Tarrant,TX,1086,76040
1087,Stephaine,Barfield,90247,310-774-7643,Los Angeles,CA,1087,90247
1088,Lai,Gato,60201,847-728-7286,Cook,IL,1088,60201
1089,Stephen,Emigh,353,330-537-5358,Summit,OH,1089,353
1090,Tyra,Shields,19106,215-255-1641,Philadelphia,PA,1090,19106
1091,Tammara,Wardrip,94010,650-803-1936,San Mateo,CA,1091,94010
1092,Cory,Gibes,91776,626-572-1096,Los Angeles,CA,1092,91776
1093,Danica,Bruschke,76708,254-782-8569,McLennan,TX,1093,76708
1094,Wilda,Giguere,99501,907-870-5536,Anchorage,AK,1094,99501
1095,Elvera,Benimadho,95110,408-703-8505,Santa Clara,CA,1095,95110
1096,Carma,Vanheusen,94577,510-503-7169,Alameda,CA,1096,94577
1097,Malinda,Hochard,46202,317-722-5066,Marion,IN,1097,46202
1098,Natalie,Fern,82901,307-704-8713,Sweetwater,WY,1098,82901
1099,berth,harmon,22102,703-235-3937,Fairfax,VA,1099,22102
1100,Arlene,Klusman,70112,504-710-5840,Orleans,LA,1100,70112
1101,Alease,Buemi,80303,303-301-4946,Boulder,CO,1101,80303
1102,Louisa,Cronauer,94577,510-828-7047,Alameda,CA,1102,94577
1103,Angella,Cetta,96817,808-892-7943,Honolulu,HI,1103,96817
1104,Cyndy,Goldammer,55337,952-334-9408,Dakota,MN,1104,55337
1105,Rosio,Cork,27263,336-243-5659,Guilford,NC,1105,27263
1106,Celeste,Korando,11563,516-509-2347,Nassau,NY,1106,11563
1107,Twana,Felger,97224,503-939-3153,Washington,OR,1107,97224
1108,Estrella,Samu,53511,608-976-7199,Rock,WI,1108,53511
1109,Donte,Kines,1602,508-429-8576,Worcester,MA,1109,1602
1110,Tiffiny,Steffensmeier,33133,305-385-9695,Miami-Dade,FL,1110,33133
1111,Edna,Miceli,16502,814-460-2655,Erie,PA,1111,16502
1112,Sue,Kownacki,75149,972-666-3413,Dallas,TX,1112,75149
1113,Jesusa,Shin,37388,931-273-8709,Coffee,TN,1113,37388
1114,Rolland,Francescon,7501,973-649-2922,Passaic,NJ,1114,7501
1115,Pamella,Schmierer,33030,305-420-8970,Miami-Dade,FL,1115,33030
1116,Glory,Kulzer,21117,410-224-9462,Baltimore,MD,1116,21117
1117,Shawna,Palaspas,91362,805-275-3566,Ventura,CA,1117,91362
1118,Brandon,Callaro,96819,808-215-6832,Honolulu,HI,1118,96819
1119,Scarlet,Cartan,31701,229-735-3378,Dougherty,GA,1119,31701
1120,Oretha,Menter,2210,617-418-5043,Suffolk,MA,1120,2210
1121,Ty,Smith,7601,201-672-1553,Bergen,NJ,1121,7601
1122,Xuan,Rochin,94403,650-933-5072,San Mateo,CA,1122,94403
1123,Lindsey,Dilello,91761,909-639-9887,San Bernardino,CA,1123,91761
1124,Devora,Perez,94606,510-955-3016,Alameda,CA,1124,94606
1125,Herman,Demesa,12180,518-497-2940,Rensselaer,NY,1125,12180
1126,Rory,Papasergi,18411,570-867-7489,Lackawanna,PA,1126,18411
1127,Talia,Riopelle,7050,973-245-2133,Essex,NJ,1127,7050
1128,Van,Shire,8867,908-409-2890,Hunterdon,NJ,1128,8867
1129,Lucina,Lary,32922,321-749-4981,Brevard,FL,1129,32922
1130,Bok,Isaacs,10468,718-809-3762,Bronx,NY,1130,10468
1131,Rolande,Spickerman,96782,808-315-3077,Honolulu,HI,1131,96782
1132,Howard,Paulas,80231,303-623-4241,Denver,CO,1132,80231
1133,Kimbery,Madarang,7866,973-310-1634,Morris,NJ,1133,7866
1134,Thurman,Manno,8201,609-524-3586,Atlantic,NJ,1134,8201
1135,Becky,Mirafuentes,7062,908-877-8409,Union,NJ,1135,7062
1136,Beatriz,Corrington,2346,508-584-4279,Plymouth,MA,1136,2346
1137,Marti,Maybury,60638,773-775-4522,Cook,IL,1137,60638
1138,Nieves,Gotter,97202,503-527-5274,Multnomah,OR,1138,97202
1139,Leatha,Hagele,75227,214-339-1809,Dallas,TX,1139,75227
1140,Valentin,Klimek,60604,312-303-5453,Cook,IL,1140,60604
1141,Melissa,Wiklund,45840,419-939-3613,Hancock,OH,1141,45840
1142,Sheridan,Zane,92501,951-645-3605,Riverside,CA,1142,92501
1143,Bulah,Padilla,76707,254-463-4368,McLennan,TX,1143,76707
1144,Audra,Kohnert,37211,615-406-7854,Davidson,TN,1144,37211
1145,Daren,Weirather,53216,414-959-2540,Milwaukee,WI,1145,53216
1146,Fernanda,Jillson,21655,410-387-5260,Caroline,MD,1146,21655
1147,Gearldine,Gellinger,75061,972-934-6914,Dallas,TX,1147,75061
1148,Chau,Kitzman,90212,310-560-8022,Los Angeles,CA,1148,90212
1149,Theola,Frey,11758,516-948-5768,Nassau,NY,1149,11758
1150,Cheryl,Haroldson,8401,609-518-7697,Atlantic,NJ,1150,8401
1151,Laticia,Merced,45203,513-508-7371,Hamilton,OH,1151,45203
1152,Carissa,Batman,97401,541-326-4074,Lane,OR,1152,97401
1153,Lezlie,Craghead,27577,919-533-3762,Johnston,NC,1153,27577
1154,Ozell,Shealy,10002,212-332-8435,New York,NY,1154,10002
1155,Arminda,Parvis,85017,602-906-9419,Maricopa,AZ,1155,85017
1156,Reita,Leto,46240,317-234-1135,Marion,IN,1156,46240
1157,Yolando,Luczki,13214,315-304-4759,Onondaga,NY,1157,13214
1158,Lizette,Stem,8002,856-487-5412,Camden,NJ,1158,8002
1159,Gregoria,Pawlowicz,11530,516-212-1915,Nassau,NY,1159,11530
1160,Carin,Deleo,72202,501-308-1040,Pulaski,AR,1160,72202
1161,Chantell,Maynerich,55101,651-591-2583,Ramsey,MN,1161,55101
1162,Dierdre,Yum,19134,215-325-3042,Philadelphia,PA,1162,19134
1163,Larae,Gudroe,70360,985-890-7262,Terrebonne,LA,1163,70360
1164,Latrice,Tolfree,11779,631-957-7624,Suffolk,NY,1164,11779
1165,Kerry,Theodorov,95827,916-591-3277,Sacramento,CA,1165,95827
1166,Dorthy,Hidvegi,83704,208-649-2373,Ada,ID,1166,83704
1167,Fannie,Lungren,78664,512-587-5746,Williamson,TX,1167,78664
1168,Evangelina,Radde,19123,215-964-3284,Philadelphia,PA,1168,19123
1169,Novella,Degroot,96720,808-477-4775,Hawaii,HI,1169,96720
1170,Clay,Hoa,89502,775-501-8109,Washoe,NV,1170,89502
1171,Jennifer,Fallick,60090,847-979-9545,Cook,IL,1171,60090
1172,Irma,Wolfgramm,7869,973-545-7355,Morris,NJ,1172,7869
1173,Eun,Coody,29301,864-256-3620,Spartanburg,SC,1173,29301
1174,Sylvia,Cousey,21074,410-209-9545,Carroll,MD,1174,21074
1175,Nana,Wrinkles,10553,914-855-2115,Westchester,NY,1175,10553
1176,Layla,Springe,10011,212-260-3151,New York,NY,1176,10011
1177,Joesph,Degonia,94710,510-677-9785,Alameda,CA,1177,94710
1178,Annabelle,Boord,1742,978-697-6263,Middlesex,MA,1178,1742
1179,Stephaine,Vinning,94104,415-767-6596,San Francisco,CA,1179,94104
1180,Nelida,Sawchuk,7652,201-971-1638,Bergen,NJ,1180,7652
1181,Marguerita,Hiatt,94561,925-634-7158,Contra Costa,CA,1181,94561
1182,Carmela,Cookey,60623,773-494-4195,Cook,IL,1182,60623
1183,Junita,Brideau,7009,973-943-3423,Essex,NJ,1183,7009
1184,Claribel,Varriano,43551,419-544-4900,Wood,OH,1184,43551
1185,Benton,Skursky,90248,310-579-2907,Los Angeles,CA,1185,90248
1186,Hillary,Skulski,34448,352-242-2570,Citrus,FL,1186,34448
1187,Merilyn,Bayless,95054,408-758-5015,Santa Clara,CA,1187,95054
1188,Teri,Ennaco,18201,570-889-5187,Luzerne,PA,1188,18201
1189,Merlyn,Lawler,7304,201-588-7810,Hudson,NJ,1189,7304
1190,Georgene,Montezuma,94583,925-615-5185,Contra Costa,CA,1190,94583
1191,Jettie,Mconnell,8807,908-802-3564,Somerset,NJ,1191,8807
1192,Lemuel,Latzke,11716,631-748-6479,Suffolk,NY,1192,11716
1193,Melodie,Knipp,91362,805-690-1682,Ventura,CA,1193,91362
1194,Candida,Corbley,8876,908-275-8357,Somerset,NJ,1194,8876
1195,Karan,Karpin,97005,503-940-8327,Washington,OR,1195,97005
1196,Andra,Scheyer,97302,503-516-2189,Marion,OR,1196,97302
1197,Felicidad,Poullion,8077,856-305-9731,Burlington,NJ,1197,8077
1198,Belen,Strassner,30135,770-507-8791,Douglas,GA,1198,30135
1199,Gracia,Melnyk,32216,904-235-3633,Duval,FL,1199,32216
1200,Jolanda,Hanafan,4401,207-458-9196,Penobscot,ME,1200,4401
1201,Barrett,Toyama,76060,817-765-5781,Tarrant,TX,1201,76060
1202,Helga,Fredicks,14228,716-752-4114,Erie,NY,1202,14228
1203,Ashlyn,Pinilla,33054,305-670-9628,Miami-Dade,FL,1203,33054
1204,Fausto,Agramonte,10038,212-313-1783,New York,NY,1204,10038
1205,Ronny,Caiafa,19103,215-605-7570,Philadelphia,PA,1205,19103
1206,Marge,Limmel,32536,850-430-1663,Okaloosa,FL,1206,32536
1207,Norah,Waymire,94107,415-306-7897,San Francisco,CA,1207,94107
1208,Aliza,Baltimore,95132,408-504-3552,Santa Clara,CA,1208,95132
1209,Mozell,Pelkowski,94080,650-947-1215,San Mateo,CA,1209,94080
